{
    "model": "Bi-LSTM (Enhanced)",
    "f1": 0.7346550787615427,
    "roc_auc": 0.9729976110150291,
    "pr_auc": 0.8698666660091873,
    "confusion_matrix": [
        [
            27256,
            1603
        ],
        [
            351,
            2705
        ]
    ]
}