{
    "model": "Logistic Regression (TF-IDF)",
    "f1": 0.7208799842859949,
    "roc_auc": 0.9626325035571941,
    "pr_auc": 0.840527391538625,
    "confusion_matrix": [
        [
            28659,
            200
        ],
        [
            1221,
            1835
        ]
    ]
}